339;sandra 'boring' bullock;1138537770
1955;dentist;1193435061
7478;Cambodia;1170560997
32892;Russian;1170626366
34162;forgettable;1141391765
35957;short;1141391873
37729;dull story;1141391806
45950;powerpoint;1169616291
100365;activist;1425876220
100365;documentary;1425876220
100365;uganda;1425876220
150;Ron Howard;1148672905
2174;music;1249808064
2174;weird;1249808102
8623;Steve Martin;1249808497
107999;action;1430799184
107999;anime;1430799184
107999;kung fu;1430799184
111624;drama;1431584497
111624;indie;1431584497
111624;love;1431584497
130682;b movie;1432523704
130682;comedt;1432523704
130682;horror;1432523704
1199;Trilogy of the Imagination;1163220043
2968;Gilliam;1163220138
2968;Trilogy of the Imagination;1163220039
4467;Trilogy of the Imagination;1163220065
4911;Gilliam;1163220167
5909;Takashi Miike;1163219591
47465;Gilliam;1163220186
296;intense;1429911417
296;r:violence;1429911417
296;tarantino;1429911417
4388;parody;1448813502
1131;emotional;1291781542
1131;tragedy;1291781538
64957;original plot;1291781246
74458;Predictable;1291780920
48711;CHRISTIAN;1215923364
4189;jesus;1367909949
4612;jesus;1367909949
6683;bollywood;1367909913
6986;jesus;1367909949
27255;No progress;1283581045
27255;Too slow;1283581045
27255;Views;1283581045
260;cult classic;1440379022
260;Science Fiction;1440379018
1258;cult film;1440380361
1258;jack nicholson;1440380355
1258;psychological;1440380357
1258;Stanley Kubrick;1440380352
1704;genius;1440380467
1704;intellectual;1440380463
1704;mathematics;1440380466
1704;psychology;1440380470
4226;Mindfuck;1440380125
4226;nonlinear;1440380113
4226;psychology;1440380115
4226;twist ending;1440380118
4995;genius;1440380440
4995;intelligent;1440380446
4995;math;1440380438
4995;mathematics;1440380436
4995;twist ending;1440380448
48780;Christopher Nolan;1440380053
48780;complicated;1440380062
48780;Hugh Jackman;1440380072
48780;nonlinear;1440380067
48780;psychological;1440380064
48780;twist ending;1440380047
79132;alternate reality;1440380233
79132;Christopher Nolan;1440380255
79132;intellectual;1440380251
79132;mindfuck;1440380252
79132;philosophy;1440380242
79132;sci-fi;1440380239
79132;twist ending;1440380245
109487;artificial intelligence;1440379984
109487;Christopher Nolan;1440380001
109487;good science;1440379977
109487;interesting ideea;1440379991
109487;philosophical issues;1440379996
109487;physics;1440379925
109487;relativity;1440380500
109487;sci-fi;1440380008
109487;sentimental;1440379993
109487;space;1440379974
109487;time travel;1440379981
109487;time-travel;1440379968
121231;eerie;1436920551
121231;friendship;1436920551
121231;teenagers;1436920551
52319;World War II;1335900622
608;Quirky;1179031045
5445;Tom Cruise;1378384753
7458;Brad Pitt;1341055445
8972;Nicolas Cage;1341055378
69640;Johnny Depp;1340916254
104841;sexist;1384107184
260;nerdy;1436669973
260;Science Fiction;1436669968
2082;Emilio Estevez;1233517175
260;critically acclaimed;1437932756
260;Science Fiction;1437932763
80551;strong female presence;1438023607
1061;emotional;1253930128
1061;revenge;1253930131
1061;true story;1253930149
1732;cult film;1253929373
1732;dark comedy;1253929372
1732;satirical;1253929376
2359;British;1253930034
2641;childish plot;1253930390
2641;plot holes;1253930395
2641;superhero;1253930399
3257;Kevin Costner;1253930539
3257;snorefest;1253930543
3275;vigilantism;1218405594
3300;anti-hero;1253929917
3300;Cole Hauser;1253929922
3300;Vin Diesel;1253929910
3301;Amanda Peet;1253929798
3301;Matthew Perry;1253929802
3301;Rosanna Arquette;1253929813
3809;Bill Murray;1253931205
3809;quirky;1253931216
3882;cheerleading;1253932873
3882;Eliza Dushku;1253932876
3882;Overrated;1253932878
4069;standard romantic comedy;1253933882
5219;video game adaptation;1253930587
5507;play enough video games and you can become an NSA agent;1253930345
5507;ridiculous training sequence;1253930342
7373;Guillermo del Toro;1253929290
7373;steampunk;1253929296
7373;superhero;1253929293
8861;Oded Fehr;1253930624
8861;post-apocalyptic;1253930636
8861;Sienna Guillory;1253930633
8861;zombies;1253930644
8928;Beautiful Woman;1253926735
8928;campy;1253926723
8928;irreverent;1253926726
8928;quirky;1253926728
8928;Roman Polanski;1253926730
27904;good animation;1253931241
27904;interesting concept - bad execution;1253931234
27904;surrealism;1253931244
34405;aliens;1253928597
34405;black comedy;1253928590
34405;Firefly;1253928585
37733;disappointing;1253929514
37733;overrated;1253929532
37733;Viggo Mortensen;1253929518
48394;dark;1218405627
48394;fairytale;1218405627
60684;alternate reality;1253926526
60684;diluted version of comic;1253926511
60684;dystopia;1253926517
60684;stylized;1253926519
63992;high school;1253932469
63992;Kristen Stewart;1253932484
63992;Robert Pattinson;1253932481
63992;Teen movie;1253932459
63992;Vampire Human Love;1253932463
64957;adapted from:book;1253929184
64957;Aging Disorder;1253929189
64957;Brad Pitt;1253929141
64957;cinematography;1253929177
64957;drama;1253929173
64957;original plot;1253929180
64957;slow parts;1253929162
64957;touching;1253929169
66097;alternate universe;1253926354
66097;author:Neil Gaiman;1253926328
66097;claymation;1253926330
66097;Dakota Fanning;1253926349
66097;dark;1253926337
66097;fairy tale;1253926364
66097;Neil Gaiman;1253926360
66934;Captain Hammer;1253926165
66934;joss whedon;1253926158
66934;mad scientist;1253926186
66934;musical;1253926178
66934;Nathan Fillion;1253926182
66934;Neil Patrick Harris;1253926160
66934;parody;1253926168
68157;Brad Pitt;1253926443
68157;ending;1253926451
68157;gratuitous violence;1253926429
68157;Quentin Tarantino;1253926404
68157;satire;1253926435
68157;unusual plot structure;1253926417
68157;violence;1253926426
68157;World War II;1253926408
68319;action;1253928934
68319;bad plot;1253928950
68319;hugh jackman;1253928926
68319;superhero;1253928935
68319;too long;1253928954
69526;bad plot;1253929636
69526;robots;1253929657
69526;sufficiently explodey to be good;1253929639
69712;Abigail Breslin;1260688098
69712;ending;1260688053
69712;genuine characters;1260688086
69712;Jason Patric;1260688105
71057;animation style;1253926100
46970;funny;1156788918
46970;nascar;1156788904
46970;will farell;1156788913
47640;beer;1156788764
47640;guy movie;1156788774
6985;breathtaking;1237060605
7361;i'd like to live in this movie;1237060140
44555;breathtaking;1237060235
3030;akira kurosawa;1338084833
3030;black comedy;1338084822
5618;anime;1463916275
5618;children;1463916304
5618;fantasy;1463916289
5971;fantasy;1463916386
5971;feel-good;1463916401
82461;bad acting;1463916776
82461;bad plot;1463916772
104283;anime;1463916484
132046;sci-fi;1463916817
6754;vampire;1138983469
8865;1940's feel;1140395930
8865;unique look;1140395930
36401;fairy tales;1138983064
104;adam sandler;1318706504
608;overrated;1318706739
1103;overrated;1318706182
2502;that fat nerd is just annoying;1318706118
8528;seen it before;1318706449
47640;Just stupid;1318706536
52973;overrated;1318706470
55820;overrated;1318706705
61024;Exellent first half;1318706053
61024;terrible ending;1318706042
76251;Gore!!!;1318706275
76251;sort of honest;1318706296
78209;Lame everything;1318706227
153;Ei muista;1168879424
293;Ei muista;1168878292
434;Ei muista;1168879406
494;Ei muista;1168878844
593;Katso Sanna!;1146476938
745;Ei muista;1146476364
780;Ei muista;1168878578
858;Katso Sanna!;1146476794
1036;Ei muista;1168878388
1042;Katso Sanna!;1146477133
1120;Katso Sanna!;1146477118
1200;Katso Sanna!;1146477102
1291;Ei muista;1146476308
1610;Katso Sanna!;1146476692
1617;Ei muista;1168878593
2273;Ei muista;1146477049
2329;Ei muista;1146477033
2600;Ei muista;1168879003
2985;Ei muista;1168878743
2989;Ei muista;1168878972
3160;Ei muista;1168878736
3175;Ei muista;1168879647
3499;Ei muista;1168878727
3793;Katso Sanna!;1146476954
3916;Ei muista;1146476265
3949;Ei muista;1168878697
3994;Ei muista;1168879611
4011;Ei muista;1168878363
4023;ei muista;1146477341
4121;Katso Sanna!;1146477233
4223;Ei muista;1146476274
4638;Ei muista;1146477217
5064;Ei muista;1146476225
5602;Ei muista;1168879553
6218;Ei muista;1146477184
7347;Ei muista;1168879177
8781;Ei muista;1168879161
44199;Ei muista;1168878406
260;awesome;1437338154
260;awesome soundtrack;1437338150
260;jedi;1437338139
260;space adventure;1437338130
741;anime;1159734531
924;boring;1159734220
924;slow;1159734220
1036;explosions;1159734488
1199;dystopia;1159734421
1274;anime;1159734245
2019;long;1159734734
2571;sci-fi;1159734634
2571;virtual reality;1159734636
2924;martial arts;1159734502
2997;interesting;1159734363
3265;explosions;1159734552
3265;martial arts;1159734552
3996;martial arts;1159734445
4993;long;1159734600
5782;explosions;1159734683
5782;interesting;1159734683
5902;boring;1159734233
5952;boring;1159734622
5952;long;1159734622
6350;anime;1159734417
6539;Johnny Depp;1159734656
6857;anime;1159734652
7022;explosions;1159734326
7022;martial arts;1159734467
7090;martial arts;1159734555
7153;boring;1159734608
7153;long;1159734608
7361;interesting;1159734515
7844;martial arts;1159734589
8795;Long;1159734165
8874;comedy;1159734745
8874;zombies;1159734745
8961;super-hero;1159734563
26554;apocalypse;1159734706
26554;interesting;1159734706
26585;explosions;1159734379
31878;comedy;1159734584
31878;martial arts;1159734584
31878;Stephen Chow;1159734584
33794;bad camerawork;1159734301
33794;slow;1159734301
1721;romance;1463337171
122886;space;1463337217
122886;star;1463337213
4721;As historicaly correct as Germany winning WW2;1140389056
4721;but still a fun movie.;1140389056
7376;"The Rocks ""finest"" work need I say more?";1140389511
31221;Try not to mistake this for an episode of Alias;1140389595
32025;Mossad;1142686944
35836;dumb;1137217440
47;biblical;1444534976
47;crime;1444534982
47;dark;1444534994
47;disturbing;1444534971
47;greed;1444534998
47;horror;1444534981
47;serial killer;1444534961
47;violent;1444534985
50;thriller;1444534932
232;aging;1444531181
232;Ang Lee;1444531177
232;cooking;1444531178
232;food;1444531186
232;relationships;1444531173
293;assassin;1444534872
293;hit men;1444534872
293;thriller;1444534887
318;friendship;1444529800
318;Morgan Freeman;1444529792
318;narrated;1444529829
318;prison;1444529824
318;prison escape;1444529820
318;revenge;1444529816
318;Tim Robbins;1444529804
318;wrongful imprisonment;1444529809
1176;imaginative;1444528969
1176;intellectual;1444528955
1176;Irene Jacob;1444528944
1176;Krzysztof Kieslowski;1444528941
1176;lyrical;1444528947
1210;action;1444529881
1210;aliens;1444529879
1210;George Lucas;1444529892
1210;Harrison Ford;1444529867
1210;sci-fi;1444529889
1210;sequel;1444529879
1210;space;1444529864
1210;Star Wars;1444529869
1210;starship pilots;1444529899
1210;war;1444529884
1265;alternate reality;1444530190
1265;Bill Murray;1444530207
1265;character development;1444530216
1265;comedy;1444530195
1265;existentialism;1444530199
1265;feel-good;1444530209
1265;funny;1444530200
1265;love;1444530219
1265;romantic;1444530228
1265;self discovery;1444530203
1732;great dialogue;1444535166
1732;Jeff Bridges;1444535201
1732;Nudity (Full Frontal);1444535170
1732;off-beat comedy;1444535205
1732;quirky;1444535198
1732;satirical;1444535172
1732;Steve Buscemi;1444535164
2068;coming of age;1444530920
2068;funny;1444530913
2424;bookshop;1444530521
2424;happy ending;1444530524
2424;Meg Ryan;1444530516
2424;Romance;1444530517
2424;romantic comedy;1444530529
2424;Tom Hanks;1444530527
3948;awkward;1444529225
4018;creative;1444529752
4018;funny;1444529739
4018;Helen Hunt;1444529729
4018;hilarious;1444529746
4018;Mel Gibson;1444529756
4018;stereotypes;1444529760
4973;beautifully filmed;1444528866
4973;comedy;1444528870
4973;feel-good;1444528900
4973;imagination;1444528880
4973;love;1444528875
4973;notable soundtrack;1444528857
4973;quirky;1444528852
4973;whimsical;1444528860
5299;comedy;1444529040
5299;family;1444529044
5299;funny;1444529038
6350;aviation;1444531651
6350;funny;1444531664
6350;imagination;1444531644
6350;Studio Ghibli;1444531642
6350;visually appealing;1444531647
6539;comedy;1444529977
6539;Disney;1444529957
6539;funny;1444529960
6539;johnny depp;1444529962
6539;magic;1444529965
6539;Orlando Bloom;1444529978
6539;pirates;1444529987
6539;sword fight;1444529953
7161;family;1444535334
7161;funny;1444535340
7161;Steve Martin;1444535326
8464;american idiocy;1444531783
8464;documentary;1444531780
8464;social criticism;1444531787
26614;thriller;1444534834
26662;anime;1444530775
26662;Hayao Miyazaki;1444530771
26662;Studio Ghibli;1444530778
27611;military;1444534772
27611;sci-fi;1444534765
34321;Billy Bob Thornton;1444531424
34321;comedy;1444531438
34321;cursing;1444531450
34321;funny;1444531430
34321;redemption;1444531445
46578;beauty pageant;1444529380
46578;family;1444529368
46578;independent film;1444529351
46578;off-beat comedy;1444529354
46578;quirky;1444529369
46578;road trip;1444529384
46578;satire;1444529372
46578;steve carell;1444529375
56367;comedy;1444535241
56367;indie;1444535247
56367;pregnancy;1444535236
56367;teen pregnancy;1444535244
56367;witty;1444535238
64957;Aging;1444531050
64957;Brad Pitt;1444531041
64957;original plot;1444531048
64957;philosophical;1444531044
66934;comedy;1444530699
66934;great soundtrack;1444530694
66934;mad scientist;1444530688
66934;Neil Patrick Harris;1444530691
66934;parody;1444530697
68358;sci fi;1444530041
68358;spock;1444530038
68358;Star Trek;1444530030
68358;teleportation;1444530045
72998;aliens;1444529449
72998;graphic design;1444529463
72998;predictable;1444529440
72998;racism;1444529457
72998;sci-fi;1444529439
93040;drama;1444530864
93040;historical;1444530873
93040;interesting;1444530861
95441;cocaine;1444529273
95441;crude humor;1444529258
95441;directorial debut;1444529282
95441;Mark Wahlberg;1444529284
97938;Ang Lee;1444531076
97938;India;1444531086
97938;ocean;1444531083
97938;visually appealing;1444531077
106696;Disney;1444530267
106696;feminist;1444530281
106696;musical;1444530270
106696;storyline;1444530270
109249;beautiful scenery;1444529645
109249;coming of age;1444529671
109249;dark humor;1444529660
109249;Fernando E. Solanas;1444529608
109249;imaginative;1444529635
109249;quirky;1444529613
109249;whimsical;1444529629
109374;amazing storytelling;1444529104
109374;Bill Murray;1444529124
109374;cinematography;1444529143
109374;eastern europe;1444529119
109374;europe;1444529115
109374;historical;1444529139
109374;on the run;1444529148
109374;quirky;1444529109
115617;comedy;1444530392
115617;Coming of Age;1444530417
115617;family;1444530402
115617;friends;1444530410
115617;funny;1444530394
115617;happy ending;1444530413
115617;heartwarming;1444528813
115617;inspiring;1444530404
115617;japanese influence;1444528772
115617;pixar;1444530397
115617;technology;1444528781
118997;comedy;1444530159
118997;fairy tale;1444530100
118997;funny;1444530106
118997;great soundtrack;1444530127
118997;imaginative;1444530113
118997;meryl streep;1444530142
118997;musical;1444530098
134853;coming of age;1444530618
134853;creative;1444530620
134853;happiness;1444530631
134853;imaginative;1444530628
134853;Pixar;1444530633
54290;Why the terrorists hate us;1187054169
40614;predictable;1148077862
260;coming of age;1443393648
260;space epic, science fiction, hero's journey;1443393664
111;cult film;1354033605
111;Martin Scorsese;1354033608
111;social commentary;1354033602
247;stylized;1353702088
247;surreal;1353702083
247;surrealism;1353702082
247;visceral;1353702078
745;animation;1354033746
1079;dark comedy;1353703178
1079;dark humor;1353703182
1079;John Cleese;1353703171
1079;quirky;1353703185
1080;Monty Python;1354033667
1089;nonlinear;1354033640
1089;organized crime;1354033636
1089;Quentin Tarantino;1354033638
1219;Alfred Hitchcock;1354033644
1219;psychology;1354033646
1256;Marx Brothers;1354033718
1258;cult film;1354033633
1258;psychology;1354033630
1729;dark comedy;1354033685
2288;disturbing;1354033600
2529;post-apocalyptic;1354033650
2529;twist ending;1354033653
3030;atmospheric;1354033596
3546;insanity;1353702162
3546;psychological thriller;1353702155
5618;atmospheric;1354033628
5618;surreal;1354033624
5662;Dave Foley;1354033569
6287;Adam Sandler;1354044970
6713;Satoshi Kon;1354033681
8188;elegant;1353701935
27592;stylized;1354033620
27592;violent;1354033611
27773;depressing;1353702390
27773;disturbing;1353702357
27773;hallucinatory;1353702345
27773;paranoid;1353702396
27773;revenge;1353702393
27773;stylized;1353702395
27773;twist ending;1353702400
27773;vengeance;1353702404
30745;Takashi Miike;1354033711
31658;Studio Ghibli;1354033715
52885;anime;1354033657
55820;coen brothers;1354033663
58559;Batman;1354033727
67997;british;1354033698
67997;politics;1354033700
67997;satire;1354033695
5;steve martin;1140455432
150;tom hanks;1165548454
186;hugh grant;1140455419
215;ethan hawke;1165548716
236;meg ryan;1140455397
246;school;1140455370
260;classic;1140454408
300;Ralph Fiennes;1165548551
318;Phenomenal!;1140454312
337;Johnny Depp***;1140455226
350;overrated;1140455303
357;didn't get it;1140455255
377;Sandra Bullock;1140454879
520;very funny!;1140454299
529;jodi foster;1140455238
587;sweet;1140455292
628;edward norton;1140455195
661;creepy good;1140454443
904;jimmy stewart;1140455208
1059;claire daines;1140455275
1059;clever;1140455275
1059;Leonardo DiCaprio;1140455275
1059;shakespeare;1140455275
1242;denzel washington;1140455181
1250;war;1140455073
1259;r. phoneix;1140455011
1291;cool;1140454996
1358;billy bob thorton;1140455032
1376;not too thrilled;1140455126
1517;cheezy to the max!;1140454281
1635;moody;1165548220
1639;hillarious;1140455102
1801;good but not accurate;1140454574
1954;stallone;1140455043
1956;il;1165548392
1956;lake forest;1165548392
2004;not worth your time;1140454610
2012;liked the other two better;1140455152
2019;classic;1140455086
2085;cute;1140454548
2174;Micheal Keaton;1140454821
2369;must see;1140454589
2396;colin firth;1165548675
2396;Gwenth Paltrow;1165548675
2396;joseph fiennes;1165548675
2571;philosophy;1140454933
2692;cool and great music;1140454393
2700;stupidity;1140454856
3052;controversial;1140454805
3113;stupid;1140455730
3114;Tom Hanks;1140454833
3260;boring;1140455703
3361;tim robbins;1140455685
3751;mel gibson;1140454892
3785;stupid;1140455743
3793;can't stand rogue!;1140454770
3893;renee z;1140455496
3978;boring;1140455549
3994;predictable;1140454952
4016;okay;1140454522
4041;overrated;1140455478
4306;witty!;1140454779
4351;keanu reeves;1140455511
4369;no desire to see this;1140454634
4641;thora birch;1140455465
4701;jakie chan;1140455522
4823;john cusack;1140455540
4890;Gwenth Paltrow;1140455564
5064;not by book;1165548741
5135;nair;1165548358
5349;tobey maguire;1140454907
5377;books;1140455343
5377;relationships;1140455343
5481;mike myers;1140455409
5812;moore;1165548495
6281;collin farrel;1140455383
6539;I loved it! Seen it five times already!;1140454336
6953;Benicio Del Toro;1165548439
8636;the best comic adaptation!;1140454370
65514;kung fu;1436621295
65514;martial arts;1436621295
65514;well done;1436621295
68954;feel good;1436621325
68954;light;1436621329
88125;dark;1436621257
260;sci-fi;1444761481
260;supernatural powers;1444761492
107649;Alex van Warmerdam;1475737520
107649;magical realism;1475737516
107649;weird;1475737522
3703;action;1432308664
3703;desert;1432308674
3703;Dieselpunk;1432308755
3703;Mel Gibson;1432308659
3703;Post apocalyptic;1432308686
3703;post-apocalyptic;1432308656
44191;dystopia;1432308622
44191;thought-provoking;1432308624
106473;animation;1432309088
106473;anime;1432309076
106473;based on a TV show;1432309085
106473;fantasy world;1432309090
3676;National Film Registry;1296204035
5449;Adam Sandler;1296202619
55247;adventure;1446622291
55247;freedom;1446622248
55247;road trip;1446622240
55247;self discovery;1446622259
55247;travel;1446622390
106918;Iceland;1446830144
106918;photography;1446830153
106918;travel;1446830142
8369;who done it;1339456173
70286;aliens;1339283926
70286;humor;1339283929
70286;sci-fi;1339283933
70286;violence;1339283935
78349;claustrophobic;1339283636
78349;experiment;1339283627
78349;group psychology;1339283610
78349;psychological;1339283617
94777;aliens;1339284270
94777;franchise;1339284250
94777;funny;1339284240
94777;time travel;1339284259
260;George Lucas;1437000955
260;starwars;1437000940
1900;brother sister relationship;1437107499
1900;sad;1437107475
1900;siblings;1437107491
2361;cult film;1437105893
117533;big brother;1437004053
117533;documentary;1437004053
117533;privacy;1437004053
1;Pixar;1292956344
47;psychology;1292956276
47;twist ending;1292956362
296;dark comedy;1292956439
296;Quentin Tarantino;1292956435
778;dark comedy;1292956194
1089;organized crime;1292956420
1089;Quentin Tarantino;1292956416
2542;dark comedy;1292956446
2542;Guy Ritchie;1292956448
2542;organized crime;1292956450
2692;nonlinear;1292956226
2692;time travel;1292956392
2959;dark comedy;1292956481
2959;psychology;1292956476
2959;twist ending;1292956479
3114;animation;1292956346
3949;addiction;1292956422
3949;psychology;1292956425
4011;Guy Ritchie;1292956203
4011;twist ending;1292956205
5608;psychology;1292956490
6016;multiple storylines;1292956518
40148;guy ritchie;1292956408
47099;based on a true story;1292956431
60072;assassin;1292956189
62849;Drugs;1292956230
62849;Guy Ritchie;1292956234
62849;twist ending;1292956236
68157;Quentin Tarantino;1292956453
74458;psychological;1292956215
74458;twist ending;1292956212
77455;renegade art;1292956306
78499;Pixar;1292956196
79132;alternate reality;1292956469
260;Science Fiction;1432365802
260;space;1432365814
74458;Psychological Thriller;1434169401
79132;Intrigued;1434169472
4322;baseball;1146596187
1028;comedy of manners;1243454358
1028;Disney;1243454364
1028;Disney studios;1243454367
1028;Julie Andrews;1243454386
1028;multiple roles;1243454371
1028;musical;1243454374
1028;villain nonexistent or not needed for good story;1243454382
1088;80's classic;1243454483
1088;dance;1243454500
1088;girlie movie;1243454518
1088;music;1243454488
1088;musical parodies;1243454503
1088;rich families;1243454508
1258;disturbing;1243454832
1258;Nudity (Full Frontal - Notable);1243454840
1258;Nudity (Full Frontal);1243454842
1258;psychological;1243454846
1258;violent;1243454848
1997;demons;1243454875
1997;horror;1243454878
1997;possession;1243454880
1997;scary;1243454882
2942;dance;1243454447
2942;girlie movie;1243454450
2942;Nudity (Topless);1243454452
2942;strippers;1243454454
4973;comedy;1243510202
4973;drama;1243510204
4973;notable soundtrack;1243510209
4973;quirky;1243510212
6218;football;1243509668
6218;Funny;1243509674
6218;Keira Knightley;1243509670
6218;love;1243509684
6863;funny;1243454300
6863;Jack Black;1243454312
6863;music;1243454317
6863;not only for kids;1243454321
6863;Rock;1243454333
6863;rock and roll;1243454326
6942;british;1243454933
6942;christmas;1243454936
6942;ensemble cast;1243454939
6942;Keira Knightley;1243454943
6942;love;1243454946
6942;multiple storylines;1243454948
6942;Nudity (Topless - Notable);1243454950
6942;Nudity (Topless);1243454952
6942;Romance;1243454954
8533;covers a lifespan;1243455160
8533;memories;1243455166
35836;comedy;1243454586
35836;crude;1243454590
35836;funny;1243454588
35836;nerds;1243454598
35836;Nudity (Topless - Notable);1243454603
35836;Nudity (Topless);1243454610
35836;sex;1243454608
45720;fashion;1243454978
45720;New York;1243454980
45720;Paris;1243454982
45720;Streep strong & funny;1243454985
59725;fashion;1243455007
59725;New York City;1243455012
59725;Nudity (Topless);1243455014
59725;R:strong sexual content;1243455020
59725;romance;1243455018
63131;funny;1243509641
63131;obvious plot;1243509645
63992;romance;1243455092
63992;Teen movie;1243455095
63992;vampires;1243455099
64957;Brad Pitt;1243455053
64957;cinematography;1243455057
64957;drama;1243455060
64969;easily confused with other movie(s) (title);1243454548
64969;funny;1243454556
64969;Jim carrey;1243454553
64969;Zooey Deschanel;1243454561
3176;Gwyneth Paltrow;1301715429
3176;Jude Law;1301715415
3707;Nudity (Rear);1301284184
3707;Nudity (Topless);1301284182
3707;sexy food;1301284180
5984;BDSM;1301785972
5984;Blindfold;1301785976
5984;Bondage;1301785990
5984;Domination;1301785971
5984;Fetish;1301785980
5984;Gag;1301785974
5984;Spanked;1301785983
5984;Submission;1301785988
5984;Tied;1301785981
5984;Udo Kier;1301785978
7155;Nudity (Topless - Notable);1334013574
7155;Nudity (Topless);1334013570
39421;Nudity (Topless);1334013436
39421;porn;1334013433
48780;based on a book;1301715225
48780;twist ending;1301715231
53318;notable nudity;1301196436
53318;Nudity (Full Frontal);1301196425
215;holes90s;1342849999
293;holes90s;1342849862
306;holes90s;1342849839
319;holes90s;1342849790
364;holes90s;1342849955
541;afi;1182393913
588;holes90s;1342849969
599;dvd;1388422564
599;holes60s;1388820371
757;getdvd;1423201850
914;holes60s;1342850735
946;holes40s;1412348245
954;afi;1182393876
1153;tcm;1189187818
1172;holes80s;1342849456
1197;holes80s;1342849599
1209;holes60s;1351319934
1211;holes80s;1342849466
1232;sightsound;1343973832
1245;holes90s;1342849804
1260;tcm;1189187750
1272;holes70s;1342849087
1273;holes80s;1342849477
1281;holes40s;1412348178
1281;tivo;1476583274
1283;afi;1182394030
1283;hdtv;1199396362
1572;sightsound;1343973703
1935;holes40s;1412348396
1942;holes40s;1412348211
1957;holes80s;1342849494
2028;afi;1182394053
2028;hdtv;1200784012
2028;holes90s;1342849945
2109;holes70s;1342849272
2178;holes70s;1342849166
2182;tcm;1412347392
2202;holes40s;1412348261
2330;holes90s;1342849749
2677;holes90s;1342849900
2730;getdvd;1350531508
2730;holes70s;1342849220
2747;tivo;1476583080
2857;holes60s;1342850705
2920;getdvd;1412348038
2920;holes40s;1412348038
2927;holes40s;1412348319
2936;afi;1182393939
2936;holes40s;1412348275
3022;afi;1182393819
3089;holes40s;1412348191
3111;holes80s;1342849685
3246;holes90s;1342849768
3384;holes70s;1342849030
3415;sightsound;1343973557
3498;holes70s;1342849114
3539;tivo;1476583329
3629;afi;1182433856
3629;hdtv;1200784036
3632;holes40s;1412348295
3634;getdvd;1418986019
3634;holes60s;1418986015
3671;holes70s;1342849229
3679;holes80s;1342849435
3742;sightsound;1343973400
3789;holes60s;1342850721
3811;holes80s;1342849524
3947;holes70s;1431088744
4103;holes80s;1342849627
4262;holes80s;1342849544
4326;holes80s;1342849552
4327;holes60s;1342850801
4437;holes70s;1342849298
4712;holes70s;1342849242
4763;getdvd;1471010946
4928;holes70s;1342849195
5169;tcm;1189187923
5198;holes80s;1342849514
5289;tcm;1189187738
5464;holes00s;1342850481
5747;holes80s;1342849443
5791;holes00s;1342850231
5795;tosee;1475705682
5956;dvd;1259388129
6229;holes70s;1342849313
6433;sightsound;1343973308
6515;tcm;1190475823
6643;sightsound;1343973230
6783;sightsound;1343973251
6830;tcm;1190475890
6874;holes00s;1342850598
6981;sightsound;1343973754
6983;holes40s;1412348440
6985;sightsound;1343973328
7195;tcm;1189187983
7243;afi;1182394001
7243;hdtv;1200784002
7335;tcm;1189187908
7438;holes00s;1342850493
7792;holes70s;1342849103
7926;getdvd;1412347952
8125;afi;1182393855
8128;holes80s;1342849418
8154;holes60s;1342850820
8195;sightsound;1343973620
8207;holes70s;1342849135
8236;tcm;1190475838
8494;dvd;1254390631
8584;tivo;1476583430
8645;holes00s;1342850358
8751;tcm;1189187687
8765;tcm;1189187626
8766;tcm;1189187878
8767;tcm;1189187947
25805;sightsound;1343973445
25927;holes40s;1412348360
25927;tcm;1189187934
26150;sightsound;1343973817
26151;sightsound;1343973505
26366;holes70s;1342849254
31770;tcm;1189187673
34517;tivo;1476583581
37741;toplist05;1378985294
38304;toplist05;1378985376
39183;toplist05;1334343486
40629;toplist05;1378985440
40819;toplist05;1378985328
41585;tcm;1189187574
41863;toplist06;1197165976
41997;hdtv;1200107294
41997;holes00s;1342850302
42217;sightsound;1343973482
44199;toplist06;1197165844
44555;toplist06;1235048573
45028;toplist06;1197165941
45210;toplist06;1198810519
46578;toplist06;1197165894
46664;holes40s;1412348651
46664;tcm;1412348651
46723;toplist06;1197165832
47099;toplist06;1197164385
47274;holes70s;1342849207
47423;toplist06;1197164296
47629;toplist06;1197165707
48394;hdtv;1200549984
48394;holes00s;1342850387
48516;toplist06;1197165676
48696;toplist06;1197165862
48738;toplist06;1197164312
48774;toplist06;1197165663
49824;toplist06;1197165695
49917;toplist06;1268555186
50068;holes00s;1342850218
51540;toplist07;1192323038
52241;toplist07;1197122754
52281;hdtv;1200875555
52281;holes00s;1342850259
52579;getdvd;1471606640
52967;toplist07;1197313756
53000;toplist07;1198811122
53123;toplist07;1187738100
53894;toplist07;1197122145
53953;getdvd;1467870755
54272;toplist07;1187738146
54286;toplist07;1197122822
54513;toplist07;1187737659
54881;toplist07;1268555304
55052;toplist07;1197122048
55063;toplist08;1228486494
55069;holes00s;1472570165
55069;toplist07;1301765688
55118;toplist07;1197121987
55247;toplist07;1197121953
55253;toplist07;1268555286
55269;toplist07;1197122030
55276;toplist07;1195959915
55280;holes00s;1342850401
55363;getdvd;1412346850
55363;holes00s;1342850280
55442;holes00s;1342850172
55442;toplist07;1268555437
55820;toplist07;1197121965
55946;tivo;1476113630
56015;tcm;1412347417
56152;toplist07;1198811180
56286;toplist07;1268555500
56367;toplist07;1198968553
56607;toplist07;1200334592
56782;toplist07;1200334609
56788;toplist07;1201665448
56805;toplist07;1198968631
57669;toplist08;1250738298
58191;toplist08;1223243755
58879;toplist08;1207957343
60069;toplist08;1230814631
60766;toplist08;1223243682
61024;toplist08;1223243801
61236;holes00s;1342850181
61236;toplist08;1230870494
61240;holes00s;1342850379
61240;toplist08;1230814624
61323;toplist08;1223244145
61357;toplist08;1222269690
63082;toplist08;1228486518
63876;toplist08;1230814303
64614;toplist08;1250440712
64620;toplist08;1230814286
64622;toplist08;1230942216
64701;toplist08;1230869509
64839;toplist08;1236951337
66665;toplist09;1253860576
67087;toplist09;1259384470
67255;toplist10;1270485757
67429;toplist08;1238823068
67665;getdvd;1321564884
67665;toplist09;1250742907
67997;toplist09;1250742829
68157;toplist09;1253860562
68954;holes00s;1342850438
69481;toplist09;1250742859
70286;toplist09;1250742877
70293;toplist09;1253860588
71108;toplist09;1292047039
71464;toplist09;1259383811
71745;toplist09;1259383809
72011;toplist09;1262145753
72131;toplist09;1257694906
72176;tivo;1476113567
72226;toplist09;1259383836
72395;toplist09;1262146022
72720;toplist09;1271429973
72741;tivo;1476113594
73023;toplist09;1267280510
74324;toplist10;1312868042
74458;toplist10;1276350948
74545;toplist10;1276350928
77455;getdvd;1446815214
77455;toplist10;1292077803
78039;toplist10;1296798992
78499;toplist10;1293381435
78574;toplist10;1281363877
78653;toplist09;1277386636
79132;toplist10;1279986154
79242;toplist10;1281363890
80463;toplist10;1287199615
80489;toplist10;1294976085
81562;toplist10;1292077909
81591;toplist10;1296799009
81786;getdvd;1468248495
81786;toplist11;1312868144
81845;toplist10;1296798962
81932;toplist10;1296799034
82313;tivo;1476650744
82459;toplist10;1296798978
82463;toplist10;1299563653
83976;toplist11;1328012694
85394;toplist11;1312868243
86320;toplist11;1317998755
86833;toplist11;1312868088
87304;toplist11;1312868078
88129;toplist11;1322848734
88235;toplist11;1322849030
88810;toplist11;1322894457
89260;toplist11;1329513993
89470;toplist11;1317998768
89492;toplist11;1317998745
89759;toplist11;1327491628
89804;toplist11;1322848784
90057;toplist11;1322848999
90376;toplist11;1327491698
90439;toplist11;1332487973
90531;toplist11;1327491714
90866;toplist11;1327491687
91077;toplist11;1322848957
94931;toplist12;1355599327
94959;toplist12;1342275142
94969;getdvd;1409381147
95135;toplist12;1354966882
95449;toplist12;1356967567
95558;toplist12;1348198533
95761;dvd;1387360646
96417;dvd;1367718836
96588;toplist12;1355599298
96610;dvd;1361888026
96610;toplist12;1354966811
96728;toplist12;1355599008
96811;toplist12;1356623017
96832;dvd;1369217683
96832;toplist12;1356409181
97304;toplist12;1353063038
97673;toplist13;1383626018
97752;toplist12;1354966835
97921;toplist12;1354966859
97923;toplist12;1356623118
97938;toplist12;1354966894
98154;toplist12;1354966827
98961;toplist12;1355938883
99114;toplist12;1357543606
99149;toplist12;1356273884
101285;getdvd;1386729453
101525;toplist12;1386245688
101895;toplist13;1383626036
102194;toplist13;1386658060
102469;getdvd;1387083948
103107;toplist13;1396017727
103372;toplist13;1383625950
103449;dvd;1378132522
103624;toplist13;1388209512
103688;dvd;1472303875
105197;toplist13;1386657913
105355;toplist13;1397129838
105504;toplist13;1386245656
106100;toplist13;1389766232
106766;toplist13;1386658220
106916;toplist13;1386657846
106920;toplist13;1386657798
107141;toplist13;1386946018
107636;tivo;1476583144
109374;toplist14;1402760218
110871;getdvd;1399051398
111249;getdvd;1423194272
111251;dvd;1410947141
111251;toplist14;1446283752
111505;getdvd;1400501925
111622;toplist14;1420131617
112070;tivo;1476113970
112183;toplist14;1416281804
112290;toplist14;1411137921
112515;getdvd;1423194952
112515;toplist14;1418485385
112550;getdvd;1470238109
112552;toplist14;1417010184
112556;toplist14;1412347244
112852;toplist14;1407510485
113064;getdvd;1423194143
114254;getdvd;1450365156
114342;toplist14;1417010271
114459;getdvd;1412474417
114662;toplist14;1423131235
115139;tcm;1413426713
115569;toplist14;1431187332
115713;toplist15;1446211131
116161;toplist14;1417010500
116797;toplist14;1425780053
117176;toplist14;1417010208
117533;dvd;1473748292
117533;getdvd;1446815098
117533;toplist14;1417010466
118700;getdvd;1446815138
118700;toplist14;1423224182
118880;getdvd;1449757705
118880;toplist14;1449757002
122882;getdvd;1470112098
122882;toplist15;1449755519
123663;tivo;1476583542
123695;tivo;1476583459
127108;tivo;1476583101
127108;toplist15;1449756138
127114;toplist15;1449756046
127144;tivo;1476583306
127206;getdvd;1470111984
127212;tivo;1476113822
128235;tivo;1476583410
128360;toplist15;1449755822
128512;getdvd;1470112064
128606;toplist15;1468592921
131796;tivo;1476583367
132458;tivo;1476583517
132547;dvd;1473748244
132549;tivo;1476583387
132800;getdvd;1454164221
133645;toplist15;1449754606
133771;getdvd;1470111738
134130;toplist15;1446210938
134853;toplist15;1446211185
134859;getdvd;1470111811
134859;toplist15;1449755731
134881;toplist15;1446283359
137337;toplist15;1446211164
139385;toplist15;1449755171
139642;tivo;1476583038
140174;toplist15;1446211303
140715;tivo;1476583167
140725;tivo;1476583059
141749;toplist15;1468077718
142488;toplist15;1449754627
143385;toplist15;1446211337
144172;bkk;1472400655
146656;toplist15;1449755899
148482;tivo;1476583253
148626;toplist15;1449755637
155064;bkk;1472179444
156387;toplist16;1467946629
158783;bkk;1466133970
160954;bkk;1472178574
161336;getdvd;1469112392
161582;bkk;1472737430
163056;bkk;1472178747
163949;toplist16;1476419254
164977;tivo;1476113746
164979;tivo;1476113908
138610;found footage;1436827601
138610;survival horror;1436827612
47044;Michael Mann;1232812787
112552;determination;1430526450
112552;devotion;1430526450
112552;music;1430526450
66203;honest;1344134759
82152;alex pettyfer;1306109318
105504;hijacking;1471521058
105504;ocean;1471521036
105504;pirates;1471521067
105504;suspense;1471521044
111384;revenge;1408781036
111384;vengeance;1408781025
111931;femme-fatale;1425503802
111931;gritty;1425503802
111931;low-budget;1425503802
260;classic sci-fi;1443807766
260;series;1443807803
146501;gay;1449533216
260;imaginary world, characters, story, philosophical;1436680217
260;script;1436680177
135518;meaning of life;1436680885
135518;philosophical;1436680885
135518;sci-fi;1436680885
260;action;1438398078
260;Syfy;1438398050